AIC,BIC
737.3351049347949,743.811754184874
