AIC,BIC
778.3810554819943,785.2110538390424
