AIC,BIC
708.8768222135603,715.306226392735
