AIC,BIC
820.4913950200805,827.3213933771286
