AIC,BIC
735.1085325124658,741.5851817625448
