AIC,BIC
772.8332069807167,784.003739503703
