AIC,BIC
758.0710043420886,764.6399685681679
