AIC,BIC
737.3351049347946,743.8117541848736
