AIC,BIC
764.0210846083523,773.0718041165176
