RMSE,MAPE
42.438934458508086,3.645934560668417
