RMSE,MAPE
177.42620915223708,11.683676556793628
