RMSE,MAPE
188.39702228971993,9.12477033392231
