RMSE,MAPE
37.885383750598315,2.9086167691222187
