RMSE,MAPE
37.073688843429174,3.347473942628971
