RMSE,MAPE
37.88538939875938,2.908617373277614
