RMSE,MAPE
212.83973607939726,11.864748440082518
