RMSE,MAPE
218.24861390451713,14.319525248901755
