RMSE,MAPE
18.002428912128263,1.330252225574064
