RMSE,MAPE
37.03844853059594,3.345291687905953
